4	ayy4	299	#00303b,#ff7777,#ffce96,#f1f2da
4	nostalgia	399	#d0d058,#a0a840,#708028,#405010
4	wish-gb	391	#622e4c,#7550e8,#608fcf,#8be5ff
4	spacehaze	332	#f8e3c4,#cc3495,#6b1fb1,#0b0630
4	blue-seni	276	#d0f4f8,#70b0c0,#3c3468,#1c0820
4	purpledawn	232	#eefded,#9a7bbc,#2d757e,#001b2e
4	andrade-gameboy	662	#202020,#5e6745,#aeba89,#e3eec0
4	lightgreen	179	#f4fbd0,#68cf68,#1e9178,#05241f
4	nymph-gb	466	#2c2137,#446176,#3fac95,#a1ef8c
4	platinum	227	#e0f0e8,#a8c0b0,#507868,#183030
4	harshgreens	150	#beeb71,#6ab417,#376d03,#172808
4	muddysand	113	#e6d69c,#b4a56a,#7b7162,#393829
4	arq4	1324	#ffffff,#6772a9,#3a3277,#000000
4	grand-dad-4	309	#4c1c2d,#d23c4e,#5fb1f5,#eaf5fa
4	cherrymelon	25	#fcdeea,#ff4d6d,#265935,#012824
4	links-awakening-sgb	2441	#5a3921,#6b8c42,#7bc67b,#ffffb5
4	nintendo-super-gameboy	2136	#331e50,#a63725,#d68e49,#f7e7c6
4	nintendo-gameboy-bgb	1917	#081820,#346856,#88c070,#e0f8d0
4	pokemon-sgb	1576	#181010,#84739c,#f7b58c,#ffefff
4	cga-palette-1-high	1060	#000000,#ff55ff,#55ffff,#ffffff
4	kirby-sgb	659	#2c2c96,#7733e7,#e78686,#f7bef7
4	gb-chocolate	1172	#ffe4c2,#dca456,#a9604c,#422936
4	2-bit-grayscale	3753	#000000,#676767,#b6b6b6,#ffffff
4	grafxkid-gameboy-pocket-gray	1489	#2b2b26,#706b66,#a89f94,#e0dbcd
4	grapefruit	625	#65296c,#b76591,#f4b26b,#fff5dd
4	cga-palette-2-high	598	#000000,#FF5555,#55FFFF,#FFFFFF
4	grafxkid-gameboy-pocket-green	444	#4c625a,#7b9278,#abc396,#dbf4b4
4	nintendo-gameboy-black-zero	567	#2e463d,#385d49,#577b46,#7e8416
4	didi4	556	#dcfecf,#77af68,#3a655a,#210b2e
4	cga-palette-0-high	539	#000000,#55ff55,#ff5555,#ffff55
4	jb4	480	#daf3ec,#00bff3,#ed008c,#260016
4	pj-gameboy	481	#1f1f1f,#4d533c,#8b956d,#c4cfa1
4	megaman-v-sgb	1150	#102533,#42678e,#6f9edf,#cecece
4	nintendo-gameboy-arne	736	#243137,#3f503f,#768448,#acb56b
4	darkboy4	471	#e7e8f3,#8c83c3,#634d8f,#120b19
4	metroid-ii-sgb	435	#2c1700,#047e60,#b62558,#aedf1e
4	cga-palette-0-low	269	#000000,#00aa00,#aa0000,#aa5500
4	sweet-guarana	326	#253b46,#18865f,#61d162,#ebe7ad
4	gb-easy-greens	298	#004333,#0d8833,#a1bc00,#ebdd77
4	cga-palette-1-low	203	#000000,#aa00aa,#00aaaa,#aaaaaa
4	super-mario-land-2-sgb	284	#000000,#11c600,#dfa677,#eff7b6
4	cga-palette-2-low	168	#000000,#aa0000,#00aaaa,#aaaaaa
4	arne-4	135	#000000,#00519c,#b84b12,#afd84f
4	kid-icarus-sgb	380	#1e0000,#9e0000,#f78e50,#cef7f7
8	secam	146	#000000,#2121ff,#f03c79,#ff50ff,#7fff00,#7fffff,#ffff3f,#ffffff
8	nyx8	3573	#08141e,#0f2a3f,#20394f,#f6d6bd,#c3a38a,#997577,#816271,#4e495f
8	rkbv	798	#15191a,#8a4c58,#d96275,#e6b8c1,#456b73,#4b97a6,#a5bdc2,#fff5f7
8	ammo-8	934	#040c06,#112318,#1e3a29,#305d42,#4d8061,#89a257,#bedc7f,#eeffcc
8	dawnbringers-8-color	1390	#000000,#55415f,#646964,#d77355,#508cd7,#64b964,#e6c86e,#dcf5ff
8	matriax8c	1630	#f0f0dc,#fac800,#10c840,#00a0c8,#d24040,#a0694b,#736464,#101820
8	fantastic-8	601	#dbdbdd,#9c8e8e,#524ba3,#1f1e23,#6a9254,#dcac6c,#e55656,#73493c
8	generic-8	498	#1c1121,#edece9,#a13b3b,#f37f9a,#ee961a,#2d5365,#40a933,#25a6c5
8	westmost-8	193	#131315,#4a5381,#b96f5a,#dadada,#343651,#644338,#4c9453,#cab17a
8	generic-8-color	147	#000000,#cc3500,#5ec809,#1d286f,#00c4ff,#8e8e8e,#ffe052,#ffffff
8	armor-8	287	#181819,#857d7d,#f6f6f5,#444d8e,#463737,#aa3d33,#e9b370,#4a9042
8	3-bit-rgb	351	#000000,#ff0000,#00ff00,#0000ff,#00ffff,#ff00ff,#ffff00,#ffffff
8	fairy-tales	96	#0e30a6,#d20000,#4dd928,#ffe600,#4b3159,#83606f,#708f4d,#adb870
8	haretro8	135	#ffe6d2,#ffb400,#32b4ff,#0ac832,#cc66cc,#c73b32,#995f3d,#1e2832
15	impromptu-15	275	#eee0b7,#debb59,#b48d6c,#c0624d,#a34646,#6d4859,#4a3e4f,#39373f,#404269,#4d5d75,#7b9096,#7fb8b5,#8fab62,#6e8a6c,#70755a
15	apple-ii	183	#000000,#515c16,#843d52,#ea7d27,#514888,#e85def,#f5b7c9,#006752,#00c82c,#919191,#c9d199,#00a6f0,#98dbc9,#c8c1f7,#ffffff
15	jewel	165	#321e2d,#662431,#b8281c,#d26a12,#f2c53c,#f0e89c,#dfb77f,#bc7b62,#79416b,#566094,#4a8fa9,#4dc1b3,#73e37b,#7482a1,#9cacba
15	msx	579	#000000,#cacaca,#ffffff,#b75e51,#d96459,#fe877c,#cac15e,#ddce85,#3ca042,#40b64a,#73ce7c,#5955df,#7e75f0,#64daee,#b565b3
15	zx-spectrum	509	#000000,#0022c7,#002bfb,#d62816,#ff331c,#d433c7,#ff40fc,#00c525,#00f92f,#00c7c9,#00fbfe,#ccc82a,#fffc36,#cacaca,#ffffff
15	generic-15	470	#222428,#5c596f,#a59ab6,#f4f0f4,#703f30,#d5555f,#ff95cf,#d7772d,#f3c775,#ffd8c3,#186444,#7ca230,#2b51a7,#169ac8,#81d5d7
15	magic-15	145	#11000b,#2b152b,#383038,#1e415b,#774372,#ba5150,#676a72,#587a44,#a089d6,#d99065,#afb8b6,#8ec5da,#9ccc82,#e8d876,#e3eac5
15	softy-15	94	#d9f6ea,#f1da04,#22172c,#3ec9ee,#bed3dc,#d0a841,#9cb31a,#0ea84a,#9fb8ae,#bd6666,#657140,#99119c,#156090,#40136d,#5c3411
15	axol15	80	#670c69,#bc0e58,#dc5c10,#f8f59e,#ecffff,#aed968,#5c88c2,#3f29a3,#3f1b49,#5a341b,#945936,#d0af82,#b5bb97,#5f6b64,#1e4246
15	mord15	142	#231923,#786973,#f5e6fa,#96d2f0,#6987a5,#3c3c5f,#507855,#9baf78,#e6e19b,#c89b82,#aa5564,#644146,#41234b,#a07da0,#e1afbe
15	autum15-yellow	96	#550000,#882211,#cc8844,#ddbb99,#ffddbb,#ddcc77,#999944,#555533,#ffffee,#bbddff,#6677aa,#666677,#443344,#223355,#111122
15	nevercreature-15	84	#181824,#593020,#5071a1,#61b68d,#c67569,#c2a530,#e2ae99,#d2eef6,#24484c,#6d7940,#409d34,#8f7045,#92e77c,#89d2e2,#eeda9d
15	autum15	83	#666677,#001122,#331111,#550000,#882211,#aa6622,#bb9977,#ffddbb,#ffffee,#555533,#999944,#6677aa,#bbddff,#443344,#112244
15	mmtec-vp1	128	#000000,#131384,#841313,#bd2e1b,#555555,#138413,#7a70da,#cf7925,#d870da,#aaaaaa,#80d456,#6ad7d8,#e5c587,#efe879,#ffffff
15	drz15a	99	#141419,#392f47,#664851,#a55d52,#d87272,#f29a80,#ffe35b,#ffffee,#515a8e,#537f3b,#80827e,#85abdd,#a4db72,#ffbffc,#cfeef7
15	acid-15	99	#170326,#40073d,#8f1e40,#d36036,#808080,#37bea1,#e3da78,#f4f9d2,#1c0d59,#094440,#1c5182,#21973b,#c9829b,#b5d737,#c0f8af
15	ridley126-15	96	#1b2f50,#324179,#3a7ebb,#39c4d0,#32c879,#67df53,#dfc449,#d5ea63,#4d48a3,#8344a7,#8b2d4c,#b22e2e,#b65d6e,#b2652e,#ce862c
15	eggy-15	47	#2e403d,#0e0c1b,#4609a1,#495266,#f0f2d0,#ca1e0f,#3c9b87,#c41be3,#9e7e74,#f63468,#2bcff2,#ea9d18,#afd87e,#ddd4cb,#f9d955
16	endesga-16	3877	#e4a672,#b86f50,#743f39,#3f2832,#9e2835,#e53b44,#fb922b,#ffe762,#63c64d,#327345,#193d3f,#4f6781,#afbfd2,#ffffff,#2ce8f4,#0484d1
16	island-joy-16	2739	#ffffff,#6df7c1,#11adc1,#606c81,#393457,#1e8875,#5bb361,#a1e55a,#f7e476,#f99252,#cb4d68,#6a3771,#c92464,#f48cb6,#f7b69e,#9b9c82
16	pico-8	4145	#000000,#1D2B53,#7E2553,#008751,#AB5236,#5F574F,#C2C3C7,#FFF1E8,#FF004D,#FFA300,#FFEC27,#00E436,#29ADFF,#83769C,#FF77A8,#FFCCAA
16	cthulhu-16	349	#1d2531,#a5e5c5,#f0fafd,#52a593,#2b6267,#1e303a,#3b4251,#527b92,#7dc1c1,#c7fff3,#b8cbd8,#7e8da1,#8fa990,#e5debb,#cea061,#854731
16	taffy-16	830	#222533,#6275ba,#a3c0e6,#fafffc,#ffab7b,#ff6c7a,#dc435b,#3f48c2,#448de7,#2bdb72,#a7f547,#ffeb33,#f58931,#db4b3d,#a63d57,#36354d
16	europa-16	229	#ffffff,#75ceea,#317ad7,#283785,#1a1b35,#2e354e,#4f6678,#a4bcc2,#ecf860,#94d446,#3b7850,#20322e,#512031,#a43e4b,#dc7d5e,#f0cc90
16	galaxy-flame	164	#699fad,#3a708e,#2b454f,#111215,#151d1a,#1d3230,#314e3f,#4f5d42,#9a9f87,#ede6cb,#f5d893,#e8b26f,#b6834c,#704d2b,#40231e,#151015
16	aap-16	671	#070708,#332222,#774433,#cc8855,#993311,#dd7711,#ffdd55,#ffff33,#55aa44,#115522,#44eebb,#3388dd,#5544aa,#555577,#aabbbb,#ffffff
16	endesga-soft-16	631	#fefed7,#dbbc96,#ddac46,#c25940,#683d64,#9c6659,#88434f,#4d2831,#a9aba3,#666869,#51b1ca,#1773b8,#639f5b,#376e49,#323441,#161323
16	peachy-pop-16	512	#fdffff,#ff8686,#fb4771,#ce186a,#8f0b5f,#53034b,#ad6dea,#9fb9ff,#567feb,#0a547b,#278c7f,#0ce7a7,#acfcad,#ffec6d,#ffa763,#ff4040
16	fzt-ethereal-16	429	#f3f3f3,#f9c2a4,#b8700e,#5e0d24,#a29eb4,#c259df,#8f27b8,#c1002b,#6c606f,#0047ed,#00a8f3,#ddb411,#004952,#07865c,#00c37d,#051c25
16	arq16	701	#ffffff,#ffd19d,#aeb5bd,#4d80c9,#e93841,#100820,#511e43,#054494,#f1892d,#823e2c,#ffa9a9,#5ae150,#ffe947,#7d3ebf,#eb6c82,#1e8a4c
16	ultima-vi-atari-st	83	#f0f0f0,#c0a0a0,#706060,#202020,#000000,#50f050,#00a000,#006000,#5090f0,#0040d0,#101070,#f0d080,#e05000,#d00000,#504020,#d030d0
16	enos16	529	#fafafa,#d4d4d4,#9d9d9d,#4b4b4b,#f9d381,#eaaf4d,#f9938a,#e75952,#9ad1f9,#58aeee,#8deda7,#44c55b,#c3a7e1,#9569c8,#bab5aa,#948e82
16	simplejpc-16	484	#050403,#221f31,#543516,#9b6e2d,#e1b047,#f5ee9b,#fefefe,#8be1e0,#7cc264,#678fcb,#316f23,#404a68,#a14d3f,#a568d4,#9a93b7,#ea9182
16	jw-64	88	#000000,#404040,#8c8c8c,#c8c8c8,#644020,#a82f2f,#b46429,#e0806c,#403fc0,#6496f4,#63d4f0,#e0e040,#b437b4,#54c048,#a0f66e,#ffffff
16	ultima-vi-sharp-x68000	88	#e1e1e1,#a5a5a5,#4b4b4b,#000000,#e1c3b4,#e1a578,#a55a0f,#a50000,#e11e00,#e14be1,#e1e14b,#4be14b,#00a500,#0000a5,#4b4be1,#4be1e1
16	jmp-japanese-machine-palette	1080	#000000,#191028,#46af45,#a1d685,#453e78,#7664fe,#833129,#9ec2e8,#dc534b,#e18d79,#d6b97b,#e9d8a1,#216c4b,#d365c8,#afaab9,#f5f4eb
16	eroge-copper	1383	#0d080d,#4f2b24,#825b31,#c59154,#f0bd77,#fbdf9b,#fff9e4,#bebbb2,#7bb24e,#74adbb,#4180a0,#32535f,#2a2349,#7d3840,#c16c5b,#e89973
16	fantasy-16	796	#8e6d34,#513a18,#332710,#14130c,#461820,#a63c1e,#d37b1e,#e7bc4f,#eeeefa,#d9d55b,#757320,#14210f,#040405,#1c1b2f,#435063,#60a18f
16	dawnbringer-16	1747	#140c1c,#442434,#30346d,#4e4a4e,#854c30,#346524,#d04648,#757161,#597dce,#d27d2c,#8595a1,#6daa2c,#d2aa99,#6dc2ca,#dad45e,#deeed6
16	commodore64	1280	#000000,#626262,#898989,#adadad,#ffffff,#9f4e44,#cb7e75,#6d5412,#a1683c,#c9d487,#9ae29b,#5cab5e,#6abfc6,#887ecb,#50459b,#a057a3
16	dinoknight-16	755	#0f151b,#292732,#535867,#95928f,#f1f1ea,#c58d65,#8d5242,#513d3d,#ecd56d,#ea7730,#cd3d3d,#7c3f8c,#304271,#0083c8,#47a44d,#1f6143
16	psygnosia	1034	#000000,#1b1e29,#362747,#443f41,#52524c,#64647c,#736150,#77785b,#9ea4a7,#cbe8f7,#e08b79,#a2324e,#003308,#084a3c,#546a00,#516cbf
16	castpixel-16	703	#2d1b2e,#218a91,#3cc2fa,#9af6fd,#4a247c,#574b67,#937ac5,#8ae25d,#8e2b45,#f04156,#f272ce,#d3c0a8,#c5754a,#f2a759,#f7db53,#f9f4ea
16	zxarne-5-2	306	#000000,#3c351f,#313390,#1559db,#a73211,#d85525,#a15589,#cd7a50,#629a31,#9cd33c,#28a4cb,#65dcd6,#e8bc50,#f1e782,#bfbfbd,#f2f1ed
16	color-graphics-adapter	644	#000000,#555555,#AAAAAA,#FFFFFF,#0000AA,#5555FF,#00AA00,#55FF55,#00AAAA,#55FFFF,#AA0000,#FF5555,#AA00AA,#FF55FF,#AA5500,#FFFF55
16	colodore	552	#000000,#4a4a4a,#7b7b7b,#b2b2b2,#ffffff,#813338,#c46c71,#553800,#8e5029,#edf171,#a9ff9f,#56ac4d,#75cec8,#706deb,#2e2c9b,#8e3c97
16	copper-tech	433	#000000,#262144,#355278,#60748a,#898989,#5aa8b2,#91d9f3,#ffffff,#f4cd72,#bfb588,#c58843,#9e5b47,#5f4351,#dc392d,#6ea92c,#1651dd
16	easter-island	373	#f6f6bf,#e6d1d1,#868691,#794765,#f5e17a,#edc38d,#cc8d86,#ca657e,#39d4b9,#8dbcd2,#8184ab,#686086,#9dc085,#7ea788,#567864,#051625
16	chromatic16	363	#000000,#90B0B0,#FFFFFF,#800018,#FF0000,#A05000,#FF8000,#FFC080,#FFFF00,#20AC00,#40FF00,#003070,#3070B0,#00D0FF,#A000E0,#FF60FF
16	commodore-vic-20	354	#000000,#ffffff,#a8734a,#e9b287,#772d26,#b66862,#85d4dc,#c5ffff,#a85fb4,#e99df5,#559e4a,#92df87,#42348b,#7e70ca,#bdcc71,#ffffb0
16	arne-16	317	#000000,#493c2b,#be2633,#e06f8b,#9d9d9d,#a46422,#eb8931,#f7e26b,#ffffff,#1b2632,#2f484e,#44891a,#a3ce27,#005784,#31a2f2,#b2dcef
16	cgarne	299	#000000,#5e606e,#2234d1,#4c81fb,#0c7e45,#6cd947,#44aacc,#7be2f9,#8a3622,#eb8a60,#5c2e78,#e23d69,#aa5c3d,#ffd93f,#b5b5b5,#ffffff
16	night-16	419	#0f0f1e,#fff8bc,#0c2133,#48586d,#79a0b0,#b0ce9d,#657f49,#3f4536,#b99d6a,#ffdd91,#dd945b,#9a5142,#644b48,#333033,#767088,#c5a3b3
16	grunge-shift	194	#000000,#242424,#240024,#482400,#6c2424,#b42400,#d8b490,#b49000,#6c6c00,#484800,#00fcd8,#4890fc,#486c90,#244890,#9048b4,#d86cb4
16	microsoft-windows	908	#000000,#7e7e7e,#bebebe,#ffffff,#7e0000,#fe0000,#047e00,#06ff04,#ffff04,#7e7e00,#00007e,#0000ff,#7e007e,#fe00ff,#047e7e,#06ffff
16	cm16	326	#e7ebf8,#adb1e0,#b06bb5,#6d2ea4,#aae474,#14ada0,#597acd,#7dc9de,#fff7a7,#ffbe6c,#ff6773,#bb027a,#f8c8af,#a17374,#2e5b86,#0c2a47
16	crimso-11	315	#ffffe3,#f3d762,#bf9651,#769a55,#cb5e31,#8e393d,#7a4962,#5e4531,#8ec3cf,#867696,#456e51,#3d6286,#353d5a,#232e32,#41292d,#110b11
16	a64	303	#0b0b0b,#566262,#8d8d85,#a7b5ba,#f0e9cf,#d39f80,#b0703e,#5a4142,#d1d15b,#a7d254,#58a23c,#7ac2e0,#786aff,#3e489d,#8363ad,#c14867
16	r-place	225	#FFFFFF,#E4E4E4,#888888,#222222,#FFA7D1,#E50000,#E59500,#A06A42,#E5D900,#94E044,#02BE01,#00D3DD,#0083C7,#0000EA,#CF6EE4,#820080
16	naji-16	192	#101a3a,#3d0e26,#64113d,#482e69,#3f425a,#6a3465,#74434a,#595579,#b73e62,#8d6d9c,#64967c,#c0719f,#c8926c,#dca286,#f2c966,#e6d1d5
16	thug-16	173	#504050,#a04040,#d06060,#f08080,#ffc0c0,#b0d0e0,#70b0c0,#4080b0,#000030,#102040,#204040,#306050,#409060,#50c060,#50ff90,#f0f0d0
16	andrew-kensler-16	154	#000000,#ffffff,#c98f4c,#6e4e23,#e80200,#efe305,#6a8927,#195648,#16ed75,#32c1c3,#057fc1,#3f32ae,#baaaff,#ff949d,#e30ec2,#7a243d
16	chip16	148	#d64b61,#3a2333,#000014,#538cc1,#70c6e5,#063e4c,#637272,#8e3737,#598e33,#7cb649,#565349,#eac879,#c4854e,#6f1a71,#e5e5e5,#d8a2a2
16	macintosh-ii	295	#ffffff,#ffff00,#ff6500,#dc0000,#ff0097,#360097,#0000ca,#0097ff,#00a800,#006500,#653600,#976536,#b9b9b9,#868686,#454545,#000000
16	fun16	237	#080008,#5e6660,#2a3443,#5d4632,#44508c,#a6414d,#c86b36,#8375af,#52903c,#db7ebd,#5b99f4,#deac85,#94cc4e,#84dbfc,#f2de70,#fcfffe
16	flyguy-16	214	#271620,#242d42,#326b3c,#64b450,#eeea44,#f0e9db,#a93630,#3f3025,#533c60,#24495e,#379589,#a4e8df,#eeb691,#db8333,#785136,#566969
16	master-16	150	#141414,#3b312f,#6e655f,#969590,#ebe8da,#f57d7d,#a11a2c,#4a1628,#612a2a,#c96540,#d4be42,#f0c295,#276647,#66bf3d,#2b3061,#4582cc
16	cd-bac	135	#000000,#da835c,#7f3710,#c4c466,#f4fb4a,#c7f0dc,#77e28e,#31983f,#37368d,#8e64e3,#d697ff,#f5cee6,#fdf5f9,#ce3f50,#5d0929,#301421
16	pavanz-16	132	#200037,#ffeedc,#65253f,#333e55,#b42f4b,#845a75,#406b81,#8f693d,#2b7d5f,#888da3,#c78f86,#d89763,#a1b25c,#a2ccc9,#e1cbc7,#efd497
16	drazile-16	128	#d1a649,#dd7252,#c64b3b,#754653,#9b7269,#bc8dad,#ccb4a1,#cad86c,#abbabc,#6fbc6f,#4f737c,#303a35,#5c3a96,#8a878e,#6f96d6,#e2e2c7
16	super17-16	111	#240909,#28171a,#371a2e,#342b41,#57333f,#323764,#2a5a51,#334591,#834848,#d73860,#507952,#265ace,#947a6c,#c3b570,#df8ac7,#eaf4b7
16	optimum	176	#000000,#575757,#a0a0a0,#ffffff,#2a4bd7,#1d6914,#814a19,#8126c0,#9dafff,#81c57a,#e9debb,#ad2323,#29d0d0,#ffee33,#ff9233,#ffcdf3
16	risc-os	153	#ffffff,#dcdcdc,#b9b9b9,#979797,#767676,#555555,#363636,#000000,#004597,#eded04,#05ca00,#dc0000,#ededb9,#558600,#ffb900,#04b9ff
16	thomson-m05	125	#000000,#bbbbbb,#ff0000,#dd7777,#eebb00,#ffff00,#dddd77,#00ff00,#77dd77,#00ffff,#bbffff,#ffffff,#ff00ff,#dd77ee,#0000ff,#7777dd
17	whimsy17	109	#fff2ee,#431b31,#503a79,#742f52,#715e64,#cc5867,#306b8c,#68858a,#ad9087,#e18387,#6eba81,#eea38b,#94c5d1,#ecc5d3,#ffcd97,#8bf3aa,#e9f39a
17	jinn17	68	#261412,#895545,#777553,#6cb369,#aec375,#7d898f,#b296a5,#a9d7f4,#dbf1ee,#45353f,#4c4c69,#646273,#69759a,#735ec5,#7894c3,#b3a3f7,#5dcbe4
17	dw17	77	#140415,#671010,#754b37,#877b56,#8b9d53,#77ca73,#0e673f,#293065,#577dac,#f079a3,#b16fb9,#b33c6f,#dd8022,#f8cc01,#fec9af,#f2feff,#add3fe
17	12bit	116	#ffeeee,#111111,#ddaaaa,#445555,#888899,#99ddff,#77aacc,#557799,#555577,#333355,#558855,#aabb77,#eeddaa,#cc9955,#aa7744,#aa5566,#774455
17	17vivid	78	#070818,#2d2747,#3c4965,#4a4aa8,#8161c5,#3191e7,#55f6ff,#f7ffe0,#e2be57,#ffdf31,#c86b36,#95274a,#f159a9,#785537,#536f61,#62953c,#aae75d
17	sgm-palette1	46	#332233,#554422,#775522,#996666,#bb7744,#ee7799,#ee9922,#dddd77,#ddffff,#224455,#555566,#336666,#666677,#6677aa,#558888,#8888cc,#99bbff
17	jp17	43	#e1f6d2,#25222c,#54b43c,#374f7a,#3c7252,#63e474,#d7e95b,#a0714d,#a3aca6,#828484,#725997,#c694a8,#d1c6aa,#e99d46,#d7503c,#754e3b,#48d8ce
17	sy17	42	#fdfdf8,#252a8c,#808080,#bbbfdd,#6fa0c0,#3972be,#3e5d58,#4c8f49,#99bf69,#dad573,#c1a2a7,#b370b6,#664096,#020207,#444022,#905f3f,#c68d41
17	drz17a	143	#f1efdb,#191926,#8f857a,#674c47,#716261,#bd5d5d,#a493ad,#f3a09f,#f3bb55,#fbce9f,#423745,#4e517b,#5e797b,#997161,#c48d6c,#72ab6c,#89c7b4
17	juicy-17	57	#e1f6d2,#25222c,#54b43c,#374f7a,#3c7252,#63e474,#d7e95b,#a0714d,#a3aca6,#828484,#725997,#c694a8,#d1c6aa,#e99d46,#d7503c,#754e3b,#48d8ce
22	mpb-24	383	#2E2669,#324286,#1F6CC7,#47A9DC,#ACECDF,#F3F3EC,#FFD521,#F27C0D,#BE2A13,#77225C,#81C757,#32954A,#264A4B,#393758,#9E899F,#E3CCC0,#D19C80,#D06B0B,#7D472C,#A76C35,#F67EA2,#F24573
22	xaiue-22-3	152	#f1efb7,#ded75c,#c7a439,#8c7b26,#7c5a26,#6c472b,#45381d,#2c1e12,#6a673a,#ad8b45,#ded5aa,#a37963,#ccbc8e,#7b6c5c,#49473f,#161212,#2d2f3b,#3e4f80,#76829e,#a9acb7,#a1948f,#5f6679
22	tuckie-22	150	#f9f7b6,#f9de70,#e2a88e,#dd5d49,#84453b,#5d5b8c,#02566b,#161423,#4fb5ac,#e5f2fc,#a1d2fc,#f2d8a9,#f58b5d,#c96d61,#f87c90,#dd809c,#157bae,#688ed1,#d3ff97,#8ff79d,#0baeba,#312d47
22	bogdanr5000-22	147	#d48d5d,#f5c15f,#f0ec8d,#5a6699,#547fab,#7bb7c7,#6b928f,#8db697,#adc2a7,#bdd2cc,#e4eaed,#0e0e14,#585870,#2e2c29,#3d4463,#e0c0a6,#937296,#b88499,#cf9786,#9c5c6b,#944038,#b37a6f
22	galapogos-22	113	#a31f5f,#3c1010,#702500,#ba3200,#ef6a3d,#ee9f84,#95c9bc,#678893,#413f45,#352b2b,#1f0614,#fffaeb,#3a2d1d,#603f3e,#81573b,#b87b34,#ffc83b,#eadf7a,#c7ce6c,#818b31,#284a36,#0c2a23
22	drazile-22	85	#3f0909,#442038,#7a3123,#684a5d,#ce1c2b,#c16543,#ef6f2f,#efab62,#f7a8c5,#f7d942,#f2fbfc,#050004,#0c1223,#07353f,#38318e,#4e772b,#517cc1,#46af75,#9aa5a5,#8ed834,#4edbe8,#bdeef9
22	artifice-machine-22	151	#fbfbc4,#eef0f0,#efa88f,#ff8080,#f34b76,#f39f4b,#8f9f60,#64db9f,#afafaf,#58c4e7,#80708f,#f34b4b,#130d0d,#843c3c,#582734,#3c0420,#241e1c,#3c3c04,#103028,#206060,#273458,#301e42
22	mordfikosz-22	119	#aaaaaa,#151515,#4d302c,#724927,#a46a39,#c58b4a,#e1da6a,#bbc05c,#95a74f,#6a7f42,#415262,#446c9b,#6aa4d5,#afcbe4,#8988a1,#7b629c,#50307b,#21101d,#a1334f,#cd738b,#e1b2bf,#f4f1f3
22	xaiue-22-2	99	#fcfae4,#877469,#08060b,#372e23,#5b4d21,#9f7e2b,#6bcd63,#b3d6ef,#afb0e9,#4d8cd3,#4b4cb7,#b54537,#e58b37,#e0da2c,#70b03c,#3d7f4f,#2b404b,#1d183e,#6d4369,#b666a6,#ce989b,#f3d7bd
22	xaiue-22	99	#fcfae4,#877469,#08060b,#372e23,#5b4d21,#9f7e2b,#6bcd63,#b3d6ef,#afb0e9,#4d8cd3,#4b4cb7,#b54537,#e58b37,#e0da2c,#70b03c,#3d7f4f,#2b404b,#1d183e,#6d4369,#b666a6,#ce989b,#f3d7bd
22	dpixel-22	95	#040406,#4e4a36,#7e7256,#b0a480,#9da4b7,#131a21,#242e56,#2c5090,#6a8ab6,#a2c9dc,#edf0f1,#1b4331,#317d3c,#7db642,#c7e149,#fad43c,#c08b18,#dc5b28,#73230f,#2e1a23,#c8a090,#d6ced6
22	irenaart-22	93	#030505,#433c47,#706468,#c3ae86,#e4efff,#4de2f4,#2896c6,#11476c,#6440a2,#fe8c8f,#d1080e,#af3703,#731906,#734430,#d08150,#f9c89a,#f6d043,#df971a,#925a0b,#5d6606,#a4a718,#cce761
22	d-jinn-22	87	#141829,#2e2333,#353040,#373d2d,#6e3535,#a13535,#50568a,#606e3a,#5c6c70,#cf4e75,#4c877f,#cc7054,#00ffff,#bd78cc,#8f9e42,#ccad66,#7bb9e3,#bbcc66,#b0d9d1,#ebe288,#f5f2dc,#0e1224
22	electric-crayon-22	86	#000000,#554555,#a8a8a8,#ffffff,#a80000,#fe0000,#a85500,#fe7600,#fea876,#a8a800,#ffff04,#04a800,#06ff04,#04a8a8,#06ffff,#0076ff,#0000a8,#0000ff,#7600ff,#a800a8,#fe00ff,#fe0076
22	bigpotato-22	85	#030003,#f7f5ef,#c1decf,#eccd83,#d6ae87,#abb0c2,#74b1ce,#98af3c,#d89725,#be8867,#70838d,#bb6d3e,#aa6982,#3c7478,#966531,#616d36,#a6451f,#545b57,#73425f,#3a4164,#4a2525,#24162b
22	nevercreature-22	81	#0e0d28,#1e323e,#403d56,#74491d,#457074,#746d47,#665ba4,#3ba137,#2f938b,#01b0cf,#6b94ff,#880015,#c04110,#fb7760,#b7834f,#a6cd33,#f0b37b,#9e87dc,#99d9ea,#f5ea85,#c0c0c0,#daede9
22	crimso-22	76	#332230,#274653,#504b79,#be3751,#6d7855,#c8773d,#80ac37,#e8ab93,#5fd37a,#d3daff,#fdfffc,#181018,#443a36,#73473f,#336625,#416ebb,#c76b90,#88959e,#5ebacb,#e7b44a,#eed6af,#e9e66b
22	keeling00-22	64	#d0e0c6,#282c44,#29add0,#89a0d1,#54e8c9,#933689,#35902b,#3626b4,#2ede4e,#db303e,#367887,#d98489,#8ce13a,#dde04c,#e12ec4,#7b292e,#9538df,#85ad73,#94742e,#374ee6,#db972b,#db8ee0
32	lxj-32	134	#ffffff,#fbffd6,#f4ff75,#f5d868,#f5c356,#f8b242,#f29606,#7cb2d3,#6281c2,#4548ae,#502fbb,#4122a9,#a53636,#882a2a,#782424,#622121,#9156aa,#6a387e,#552766,#431f51,#8d6230,#765734,#7b6a5c,#6b5e51,#544a44,#3f3938,#332f2e,#5e685c,#3a4537,#262e25,#1d221c,#121412
32	zughy-32	12167	#472d3c,#5e3643,#7a444a,#a05b53,#bf7958,#eea160,#f4cca1,#b6d53c,#71aa34,#397b44,#3c5956,#302c2e,#5a5353,#7d7071,#a0938e,#cfc6b8,#dff6f5,#8aebf1,#28ccdf,#3978a8,#394778,#39314b,#564064,#8e478c,#cd6093,#ffaeb6,#f4b41b,#f47e1b,#e6482e,#a93b3b,#827094,#4f546b
32	dawnbringer-32	4085	#000000,#222034,#45283c,#663931,#8f563b,#df7126,#d9a066,#eec39a,#fbf236,#99e550,#6abe30,#37946e,#4b692f,#524b24,#323c39,#3f3f74,#306082,#5b6ee1,#639bff,#5fcde4,#cbdbfc,#ffffff,#9badb7,#847e87,#696a6a,#595652,#76428a,#ac3232,#d95763,#d77bba,#8f974a,#8a6f30
32	greenstar32	1073	#312e2f,#635c5a,#81776b,#c6b5a5,#ffedd4,#96567a,#ca7091,#60434f,#884f5e,#af6567,#bb7979,#c37c6b,#dd997e,#e9b58c,#c68b5b,#8c594a,#5e443f,#e1ad56,#f8cf8e,#efdc76,#cebe55,#9d9f37,#72792b,#515e2e,#45644f,#508657,#bbd18a,#5b546c,#6a7189,#7a949c,#80aba4,#aed7b9
32	marshmellow32	1043	#2b3f41,#3a5356,#57797d,#8ca697,#3f3e20,#555735,#767f45,#a4ab79,#593234,#734141,#8c504d,#b87a66,#c1bcac,#afa491,#907b67,#71554a,#3c3c3c,#544a44,#a1623b,#b68241,#e2b55f,#b2b2b2,#7c7c7c,#4b5053,#3c3a3f,#4e3c5c,#6e4d7e,#8f619a,#20415b,#235b7c,#2d80a6,#5eb3bc
32	koni32	1343	#000000,#0b0a0d,#161524,#222640,#2b4057,#306566,#34a870,#49f25a,#a4ff63,#fff240,#f2a53f,#cc7a47,#f54025,#a63a3a,#995348,#733758,#4d2a49,#46346a,#8c2eb8,#f261da,#ffa8d4,#b3dfff,#70a5fa,#407cff,#1f50cc,#213ea6,#272f66,#414558,#6d7078,#898b8c,#bbbdbf,#ffffff
32	ufo-50	554	#ffffff,#a48080,#feb854,#e8ea4a,#58f5b1,#64a4a4,#cc68e4,#fe626e,#c8c8c8,#e03c32,#fe7000,#63b31d,#a4f022,#27badb,#fe48de,#d10f4c,#707070,#991515,#ca4a00,#a3a324,#008456,#006ab4,#9600dc,#861650,#000000,#4c0000,#783450,#8a6042,#003d10,#202040,#340058,#4430ba
32	andrew-kensler-32	317	#d6a090,#fe3b1e,#a12c32,#fa2f7a,#fb9fda,#e61cf7,#992f7c,#47011f,#051155,#4f02ec,#2d69cb,#00a6ee,#6febff,#08a29a,#2a666a,#063619,#000000,#4a4957,#8e7ba4,#b7c0ff,#ffffff,#acbe9c,#827c70,#5a3b1c,#ae6507,#f7aa30,#f4ea5c,#9b9500,#566204,#11963b,#51e113,#08fdcc
32	atapki-baby32	239	#000000,#424242,#7f7e7f,#bebebe,#ffffff,#ff9c7c,#ff0000,#9d1636,#43142b,#8c3a21,#c96e19,#efb300,#ffff00,#04be00,#0c7a42,#113939,#0000ff,#3776ff,#37bbff,#04ffff,#ffb5ec,#ff00ff,#a018cf,#4e1f7f,#131225,#38466c,#32421b,#5e5e39,#a9e0a6,#f4d1c3,#4f3835,#1d1918
32	arne-32	416	#000000,#493c2b,#be2633,#e06f8b,#a46422,#eb8931,#f7e26b,#ffffff,#9d9d9d,#2f484e,#1b2632,#44891a,#a3ce27,#005784,#31a2f2,#b2dcef,#342a97,#656d71,#cccccc,#732930,#cb43a7,#524f40,#ad9d33,#ec4700,#fab40b,#115e33,#14807e,#15c2a5,#225af6,#9964f9,#f78ed6,#f4b990
32	hybrid32	327	#593339,#903d62,#ae6253,#dd9c68,#edce9f,#c2c237,#6aba3b,#3b8f5b,#335a5c,#376129,#979ea8,#c0c7b7,#e4edf5,#38c2d6,#296291,#353456,#613755,#955b8d,#d467a2,#e5df52,#ec6b24,#a83135,#565299,#645964,#2e2a35,#d96f67,#9d5a33,#5095e6,#526626,#101b21,#f21e44,#ffffff
32	gnome-32	303	#eae8e3,#bab5ab,#807d74,#565248,#c5d2c8,#83a67f,#5d7555,#445632,#e0b6af,#c1665a,#884631,#663822,#ada7c8,#887fa3,#625b81,#494066,#9db8d2,#7590ae,#4b6983,#314e6c,#efe0cd,#e0c39e,#b39169,#826647,#df421e,#990000,#eed680,#d1940c,#46a046,#267726,#ffffff,#000000
32	zykro-32	318	#000000,#181a1a,#3b494f,#5d6d72,#7a8e95,#99aab0,#bfced3,#ffffff,#7a0724,#8f091d,#a70a0a,#ca1818,#de4c35,#c74c20,#cc7223,#e6a029,#f7ca40,#f7d87c,#581414,#7b402a,#a76542,#ca8655,#064022,#066625,#39a32a,#86cc3e,#c2f576,#2d0f84,#4044dc,#4085dc,#6ec1ed,#bbf5ff
